Unnamed: 0,Source,Title,Location,Department,Rating,Date,review,Pros,Cons
0,AmbitionBox,Sales Officer,Jabalpur,Sales Support & Operations Department,5,23-10-2024,Have to learn moreover good.Need more payment,,
1,AmbitionBox,Quality Engineer,Kanpur,Quality Assurance and Testing Department,5,22-11-2024,"Work culture is very good, employees friendly. Nothing to dislike",,
2,AmbitionBox,Quality Engineer,Kanpur,Quality Assurance and Testing Department,5,22-11-2024,Everything is good. I have been working since 1 year. Nothing to dislike,,
3,AmbitionBox,ITI Electrician,Kanpur,"Operations, Maintenance & Support Department",5,22-11-2024,I intrested in your company. Hard work load,,
4,AmbitionBox,Management Staff,Ahmedabad,Management Department,5,22-11-2024,"Not more. Company policy , work culture, Hr policy,",,
5,AmbitionBox,Management Staff,Ahmedabad,Management Department,5,22-11-2024,Good salary. 5.5 days working. No flexibility in timings. Poor work culture. Bossisum.,,
6,AmbitionBox,Production Manager,Ahmedabad,Construction Engineering Department,1,22-11-2024,Group working fine. Non of them,,
7,AmbitionBox,Production Manager,Ahmedabad,Construction Engineering Department,1,22-11-2024,Deal with high volume package. Nothing,,
8,AmbitionBox,Production Manager,Ahmedabad,Construction Engineering Department,1,22-11-2024,Job security and working environment. Employee benefits Work life balance,,
9,AmbitionBox,Technical Lead,Ahmedabad,Software Development Department,3,22-11-2024,I m working in Adani Sportsline And I do best for my Company and I love my Adani Company thank you,,
10,AmbitionBox,Technical Lead,Ahmedabad,Software Development Department,3,22-11-2024,Yes. 6 Days working policy,,
11,AmbitionBox,Technical Lead,Ahmedabad,Software Development Department,3,22-11-2024,"Team work. Nothing, because I just started.",,
12,AmbitionBox,Technical Lead,Ahmedabad,Software Development Department,3,22-11-2024,NA. Saturday half day working,,
13,AmbitionBox,Technical Lead,Ahmedabad,Software Development Department,3,22-11-2024,So many things. IJP process,,
14,AmbitionBox,Assistant Manager,Ahmedabad,Engineering Department,5,22-11-2024,Good. Nothing till time at,,
15,AmbitionBox,Assistant Manager,Ahmedabad,Engineering Department,5,22-11-2024,"Nothing, pathetic company. Everything is more than worst",,
16,AmbitionBox,Deputy Manager,Ahmedabad,Procurement & Purchase Department,5,21-11-2024,Reputed company. Manpower is very less,,
17,AmbitionBox,Assistant Manager F&A,Ahmedabad,Accounting & Taxation Department,4,21-11-2024,"Budget available to take initiatives. Culture, lack of strategy, Saturday working",,
18,AmbitionBox,Assistant Manager F&A,Ahmedabad,Accounting & Taxation Department,4,21-11-2024,Yes. No I am happy working with adani Group,,
19,AmbitionBox,Assistant Manager F&A,Ahmedabad,Accounting & Taxation Department,4,21-11-2024,"Work culture, at the unit was good irrespective of group. Nothing, all was avg and above.",,
20,AmbitionBox,Assistant Manager F&A,Ahmedabad,Accounting & Taxation Department,4,21-11-2024,Nothing. Work culture family life,,
21,AmbitionBox,Accounts Officer,Ahmedabad,Finance Department,5,21-11-2024,Excellent work. Management it's weak,,
22,AmbitionBox,Accounts Officer,Ahmedabad,Finance Department,5,21-11-2024,I wish to last 10 years ago that i recieve job in adani group so i wish to extremely in adani group. I can not to wish that came to problem in our work.,,
23,AmbitionBox,Accounts Officer,Ahmedabad,Finance Department,5,21-11-2024,Employee satisfaction. Nothing to say for negative all is well,,
24,AmbitionBox,Deputy Digital Marketing Manager,Ahmedabad,Advertising & Creative Department,5,20-11-2024,Skill development through training module. NA,,
25,AmbitionBox,Senior Officer,Mirzapur,Accounting & Taxation Department,5,20-11-2024,Overall very nice. Nothing to dislike,,
26,AmbitionBox,Manager,Ahmedabad,Technology / IT Department,1,19-11-2024,Leave and medical policy and sustainability of group. Promotion and increment policy,,
27,AmbitionBox,Manager,Ahmedabad,Technology / IT Department,1,19-11-2024,Good. Job security not given,,
28,AmbitionBox,DPT.Manager,Singrauli,HR Operations Department,5,19-11-2024,Adani forwarding limited My best job üí™. No,,
29,AmbitionBox,DPT.Manager,Singrauli,HR Operations Department,5,19-11-2024,Job security. Untimely promotions and recognitions,,
30,AmbitionBox,Assistant Manager,Mumbai,Construction Engineering Department,4,19-11-2024,yes. i am working interested,,
31,AmbitionBox,"Sr.MIS Executive,sales Coordinator, Sales Support, backend operation, Customer support",Ahmedabad,Operations Department,1,19-11-2024,"Its a highly prestigious company that provides a strong platform in the current market. Adani policies are not consistent across all the domains. For example, RMRW gets the fewest perks, and there is no clear promotion criteria or strong employee welfare benefits.",,
32,AmbitionBox,Assistant Manager (Plant Quality Head),Navi Mumbai,Construction Engineering Department,4,19-11-2024,No planning of work. 10 percent employees are given no increament annually as per company rule.,,
33,AmbitionBox,Assistant Manager (Plant Quality Head),Navi Mumbai,Construction Engineering Department,4,19-11-2024,Good company. Work load and over time,,
34,AmbitionBox,Senior Data Analyst,Ahmedabad,Data Science & Machine Learning Department,2,18-11-2024,The adani group is Vry Growing Company il working culture and environment are good. I have not dislike the Our company,,
35,AmbitionBox,Senior Data Analyst,Ahmedabad,Data Science & Machine Learning Department,2,18-11-2024,Yes. No work life balance available,,
36,AmbitionBox,Senior Data Analyst,Ahmedabad,Data Science & Machine Learning Department,2,18-11-2024,Best place to learning. No work fredom,,
37,AmbitionBox,Senior Data Analyst,Ahmedabad,Data Science & Machine Learning Department,2,18-11-2024,Overall all good üëç. No,,
38,AmbitionBox,Senior Data Analyst,Ahmedabad,Data Science & Machine Learning Department,2,18-11-2024,Salary on time. Transfer in third party contract.,,
39,AmbitionBox,Senior Officer,Ahmedabad,Facility Management Department,5,18-11-2024,Very good. Trust & stability,,
40,AmbitionBox,Assistant Manager-Industrial Relations,Singrauli,Employee Relations Department,4,18-11-2024,Not more but ok. Culture is not friendly but ok to survive..,,
41,AmbitionBox,Assistant Manager-Industrial Relations,Singrauli,Employee Relations Department,4,18-11-2024,Can learn of new skills internally. Company culture is a different one and responsibilities are reversed.,,
42,AmbitionBox,Assistant Manager-Industrial Relations,Singrauli,Employee Relations Department,4,18-11-2024,Adoption of new skills and upgraded system. All good,,
43,AmbitionBox,Assistant Manager-Industrial Relations,Singrauli,Employee Relations Department,4,18-11-2024,Career growth. Working condition in office,,
44,AmbitionBox,Accounts Receivable Executive,Ahmedabad,Aviation & Aerospace - Other Department,1,17-11-2024,Very good. Nothing to dislike at present,,
45,AmbitionBox,Mining Engineer,Katni,Mining Department,5,16-11-2024,Salary on time. Management politics.,,
46,AmbitionBox,Deputy Manager,Ahmedabad,Legal Operations Department,5,16-11-2024,Very good culture but only for on roll employee off rol employee not satisfied with the process. No and no,,
47,AmbitionBox,Deputy Manager,Ahmedabad,Legal Operations Department,5,16-11-2024,üëéüèª don‚Äôt join this company. Advise don‚Äôt join this company,,
48,AmbitionBox,Deputy Manager,Ahmedabad,Legal Operations Department,5,16-11-2024,Brand name. Doesn't care about Employees,,
49,AmbitionBox,Deputy Manager,Ahmedabad,Legal Operations Department,5,16-11-2024,Just ok. People at Site top management doing favouritism openly.,,
50,AmbitionBox,Deputy Manager,Ahmedabad,Legal Operations Department,5,16-11-2024,Growth opportunity. No dislikes as such everything satisfactory,,
51,AmbitionBox,Officer,Mundra,Operations Department,5,16-11-2024,Nice. Joining process is very slow,,
52,AmbitionBox,Associate Manager in Electrical and Instrumentation,Mundra,Production & Manufacturing - Other Department,5,15-11-2024,Work life balance. Policy implementation is not fully adopted.,,
53,AmbitionBox,Associate Manager in Electrical and Instrumentation,Mundra,Production & Manufacturing - Other Department,5,15-11-2024,Good Company to work with. NIL,,
54,AmbitionBox,Associate Manager in Electrical and Instrumentation,Mundra,Production & Manufacturing - Other Department,5,15-11-2024,"Brand, system, culture. Can't describe",,
55,AmbitionBox,Deputy General Manager,Korba,Power Generation Department,5,14-11-2024,Diversified Work Scope. HR policies,,
56,AmbitionBox,"water ,oil and coal chemistry deputy manager",Nagpur,Operations Department,4,12-11-2024,Work as a sales officer. I work hard,,
57,AmbitionBox,"water ,oil and coal chemistry deputy manager",Nagpur,Operations Department,4,12-11-2024,Delegation. Culture of work with central and site team,,
58,AmbitionBox,"water ,oil and coal chemistry deputy manager",Nagpur,Operations Department,4,12-11-2024,Good opportunity and skill development very good. Ok,,
59,AmbitionBox,"water ,oil and coal chemistry deputy manager",Nagpur,Operations Department,4,12-11-2024,"Good experience, job satisfaction is good. Busy shedule, material theft control is big challenge",,
60,AmbitionBox,"water ,oil and coal chemistry deputy manager",Nagpur,Operations Department,4,12-11-2024,"Good Company to work, Employee friendly and Result oriented. There is nothing much to dislike",,
61,AmbitionBox,Project Engineer - Civil,Rajasthan,Construction Engineering Department,4,09-11-2024,Good company. Job security is poor,,
62,AmbitionBox,Operations Executive,Vapi,Executive Department,5,09-11-2024,Adani santigram is duty experience. Adani santigram working is my experience,,
63,AmbitionBox,Assistant Manager,Ahmedabad,Operations Department,4,08-11-2024,"Good. no,.....adani group very nice and beautiful",,
64,AmbitionBox,Assistant Manager,Ahmedabad,Operations Department,4,08-11-2024,Package full and other facilities. Frequent travelling and no social activities,,
65,AmbitionBox,Assistant Manager,Ahmedabad,Operations Department,4,08-11-2024,"Fresher it's good. Very pethatic for off role job, no increment or no additional benefit",,
66,AmbitionBox,Land Acquisition Executive,Singrauli,Data Science & Analytics - Other Department,2,08-11-2024,Good. No problem I think average,,
67,AmbitionBox,Assistant Manager,Remote,Quality Assurance and Testing Department,3,08-11-2024,On time salary. Micromanagement at all levels. Good only for those staffs who have joined through college campus.,,
68,AmbitionBox,Assistant Manager,Remote,Quality Assurance and Testing Department,3,08-11-2024,Great place for working. No,,
69,AmbitionBox,Assistant Manager,Remote,Quality Assurance and Testing Department,3,08-11-2024,Facilities is the Best. No issue,,
70,AmbitionBox,Assistant Manager,Remote,Quality Assurance and Testing Department,3,08-11-2024,"Flexible timing, Appraisal on time Everything is fine. Nothing",,
71,AmbitionBox,Assistant Manager,Remote,Quality Assurance and Testing Department,3,08-11-2024,Worklife balance. Delay in response over mail,,
72,AmbitionBox,Assistant Manager,Remote,Quality Assurance and Testing Department,3,08-11-2024,Safety ü¶∫. Not properly guide and not allowed mobile phones üòû,,
73,AmbitionBox,Assistant Manager,Remote,Quality Assurance and Testing Department,3,08-11-2024,Good company. Everything is good,,
74,AmbitionBox,Assistant Manager,Remote,Quality Assurance and Testing Department,3,08-11-2024,Nothing to like. Culture is unethical,,
75,AmbitionBox,Assistant Manager,Remote,Quality Assurance and Testing Department,3,08-11-2024,Only hard working. All things,,
76,AmbitionBox,Assistant Manager,Remote,Quality Assurance and Testing Department,3,08-11-2024,The company takes good care of employees. Everything depends on your immediate boss,,
77,AmbitionBox,Electrical Engineer,Mumbai,Engineering Department,3,08-11-2024,Salary. No support of seniors in trouble time,,
78,AmbitionBox,Electrical Engineer,Mumbai,Engineering Department,3,08-11-2024,work environment. nothing as such disliking was there,,
79,AmbitionBox,Electrical Engineer,Mumbai,Engineering Department,3,08-11-2024,No. Salary was poor and very late....and this company cso Santosh Kumar Sharma was very thief,,
80,AmbitionBox,Electrical Engineer,Mumbai,Engineering Department,3,08-11-2024,"Nothing to like about company. It is having very toxic work culture for lower level employee..No promotion,no reward and you have to stretch working every day.",,
81,AmbitionBox,Electrical Engineer,Mumbai,Engineering Department,3,08-11-2024,All adani group team member friendly work at site,,
82,AmbitionBox,Junior Officer¬†,Ahmedabad,Finance Department,5,08-11-2024,"Secured Job , reputed company. Office politics , increment , promotio , HR policies",,
83,AmbitionBox,Junior Officer¬†,Ahmedabad,Finance Department,5,08-11-2024,Working culture is very good. Working place is not fixed,,
84,AmbitionBox,Junior Officer¬†,Ahmedabad,Finance Department,5,08-11-2024,All members supported. Only like,,
85,AmbitionBox,Site Execution Engineer,Rajpura,Construction Engineering Department,5,08-11-2024,Good learning and skill development for employees. Vast differences in salary in same position employees,,
86,AmbitionBox,Site Execution Engineer,Rajpura,Construction Engineering Department,5,08-11-2024,I like group work and culture of all areas. No,,
87,AmbitionBox,Site Execution Engineer,Rajpura,Construction Engineering Department,5,08-11-2024,Good work culture. Some sites are at remote location,,
88,AmbitionBox,Site Execution Engineer,Rajpura,Construction Engineering Department,5,08-11-2024,Perfectos . .Nothing as much . .,,
89,AmbitionBox,Site Execution Engineer,Rajpura,Construction Engineering Department,5,08-11-2024,"Infrastructure. People are not respective to each other, they should give training for work ethics and behaviour before hiring",,
90,AmbitionBox,Plant Quality Head (Plant Incharge),Kolkata,Construction Engineering Department,5,07-11-2024,Not satisfied.Not systamatic work,,
91,AmbitionBox,Senior Engineer,Bathinda,Construction Engineering Department,4,07-11-2024,Very good company Adani Group. Yes,,
92,AmbitionBox,Senior Engineer,Bathinda,Construction Engineering Department,4,07-11-2024,skill development. employee appreciation program,,
93,AmbitionBox,Officer,Rae Bareli,Construction Engineering Department,5,07-11-2024,No likes worst. All dislikes worst,,
94,AmbitionBox,Mechanical Maintenance Engineer,Mundra,Engineering Department,1,07-11-2024,"We are pleased to inform you that your salary has been credited on time as per the payroll schedule. Have some concerns regarding my salary structure. Specifically, the PLI (Performance Linked Incentive) is unclear, and I would appreciate clarification on whether it is counted as part of my CTC. Additionally, despite receiving a good opportunity elsewhere, my current reporting boss is unwilling to relieve me.",,
95,AmbitionBox,Mechanical Maintenance Engineer,Mundra,Engineering Department,1,07-11-2024,Company growth and salary correction. Food quality in canteen.,,
96,AmbitionBox,Mechanical Maintenance Engineer,Mundra,Engineering Department,1,07-11-2024,Safety and behaviour of all my senior staff. Nothing,,
97,AmbitionBox,Mechanical Maintenance Engineer,Mundra,Engineering Department,1,07-11-2024,Best work environment. Not applicable,,
98,AmbitionBox,Civil Site Engineer,New Delhi,Construction Engineering Department,4,03-11-2024,Working culture is highly appreciated. Timing issues,,
99,AmbitionBox,Civil Site Engineer,New Delhi,Construction Engineering Department,4,03-11-2024,No work only relax. A hell lot of politics. If you can please your manager then only you‚Äôll get promotion and appraisals. Very low increment. HR first promote themselves then look for other departments promotions.,,
100,AmbitionBox,Assistant Manager-Human Resources(TA & TD),Ahmedabad,HR Business Advisory Department,4,03-11-2024,Job security and wider option of IJP in different fields that's ADANI is working only after completing 3 years in Adani. Politics and HR dominance in all OPERATIONS,,
101,AmbitionBox,"DEP Manager, Sales",Thiruvananthapuram,Enterprise & B2B Sales Department,4,03-11-2024,"Gautam adani rest of this worst culture by superior. Don‚Äôt have any work ethic‚Äôs. Work culture, no job security worst work culture no teamwork",,
102,AmbitionBox,"DEP Manager, Sales",Thiruvananthapuram,Enterprise & B2B Sales Department,4,03-11-2024,Salary. Type of work and lack of clarity,,
103,AmbitionBox,"DEP Manager, Sales",Thiruvananthapuram,Enterprise & B2B Sales Department,4,03-11-2024,Leave benifit. Hiring process and offering process,,
104,AmbitionBox,"DEP Manager, Sales",Thiruvananthapuram,Enterprise & B2B Sales Department,4,03-11-2024,"All policy's are determined and digitalized, this is good sign. Everything we will get in one click. Transfers - due to transfers family and childern education it's very suffer.",,
105,AmbitionBox,Assistant Manager,Mangaluru,"Security / Fraud Department

",4,01-11-2024,"Thier stability and the upcoming growth. Lot of beaurocracy, Many hidden and strategic decisions",,
106,AmbitionBox,Assistant Manager,Mangaluru,"Security / Fraud Department

",4,01-11-2024,Great work place for learning. Always Management requirement is High,,
107,AmbitionBox,Assistant Manager,Mangaluru,"Security / Fraud Department

",4,01-11-2024,Great place to work. Nothing,,
108,AmbitionBox,Deputy Manager,Ahmedabad,Audit & Control Department,3,01-11-2024,"Salary on time, Company is good, but HOD are only after money. Top management decesion making Not able to handle the HOD. Politics at site. Cunning HOD only want to earn from vendor. Favartisim at site. Not clear with the role and responsibilities. HOD only forwarding assignment and only want to be in limelight. They don't want their juniors that they learn or Mingle with other departments staff.",,
109,AmbitionBox,Deputy Manager,Ahmedabad,Audit & Control Department,3,01-11-2024,Good company. No dislike Adani group good construction,,
110,AmbitionBox,Deputy Manager,Ahmedabad,Audit & Control Department,3,01-11-2024,No work pressure. No job security,,
111,AmbitionBox,Deputy Manager Billing & QS,Ahmedabad,Construction Engineering Department,5,01-11-2024,Culture. More Perks should be given,,
112,AmbitionBox,Assistant Manager,New Delhi,Quality Assurance and Testing Department,3,30-10-2024,All seems ok. Top management,,
113,AmbitionBox,Assistant Manager,New Delhi,Quality Assurance and Testing Department,3,30-10-2024,Assembly fitter gan. Assembly fitter gan,,
114,AmbitionBox,Assistant Manager,New Delhi,Quality Assurance and Testing Department,3,30-10-2024,I like Electricity area Underground wire And working. Coordination with officer,,
115,AmbitionBox,Sales Officer,Indore,Operations Department,3,27-10-2024,"Auto mission , sefty. Housekeeping, services",,
116,AmbitionBox,Sales Officer,Indore,Operations Department,3,27-10-2024,Its a good opportunity for carrier growth. Nothing but upgrade the policy for employees who have studying along with continue job.,,
117,AmbitionBox,Sales Officer,Indore,Operations Department,3,27-10-2024,Work pressure is less. Senior not support,,
118,AmbitionBox,Sales Officer,Indore,Operations Department,3,27-10-2024,Salary credited on time. Site culture,,
119,AmbitionBox,Project Coordinator- Deputy Manager,Ahmedabad,Construction / Manufacturing Department,1,26-10-2024,Learning and Development. Sales Pressure,,
120,AmbitionBox,Project Coordinator- Deputy Manager,Ahmedabad,Construction / Manufacturing Department,1,26-10-2024,Overall good. Work life balance is bad,,
121,AmbitionBox,Project Coordinator- Deputy Manager,Ahmedabad,Construction / Manufacturing Department,1,26-10-2024,Zero job security. No more devlopment. 80% employee not happy with today's culture and atmosphere. Suddenly they transfer in third party,,
122,AmbitionBox,Project Coordinator- Deputy Manager,Ahmedabad,Construction / Manufacturing Department,1,26-10-2024,Good place to learn. No job security,,
123,AmbitionBox,Talent Acquisition Consultant - Contractual,Ahmedabad,Recruitment & Talent Acquisition Department,2,26-10-2024,Good. No one is dislike,,
124,AmbitionBox,Talent Acquisition Consultant - Contractual,Ahmedabad,Recruitment & Talent Acquisition Department,2,26-10-2024,Overall Excellent. medical policy is not good.,,
125,AmbitionBox,Senior Manager O & M -Shift incharge,Godda,"Operations, Maintenance & Support Department",3,25-10-2024,Work culture. Appraisal process which need to be review,,
126,AmbitionBox,Senior Manager O & M -Shift incharge,Godda,"Operations, Maintenance & Support Department",3,25-10-2024,Extra curicular activities Cultural programs. Everything,,
127,AmbitionBox,Senior Manager O & M -Shift incharge,Godda,"Operations, Maintenance & Support Department",3,25-10-2024,Likes all ok. no,,
128,AmbitionBox,Administration Manager,Ahmedabad,Administration Department,4,25-10-2024,"Job security, learning opportunities are huge. Saturday working, office politics",,
129,AmbitionBox,Administration Manager,Ahmedabad,Administration Department,4,25-10-2024,Adani group is very good. He does not see his client's fault,,
130,AmbitionBox,Administration Manager,Ahmedabad,Administration Department,4,25-10-2024,I like this safety and security purpose and many benefits provided to township peoples. Nothing,,
131,AmbitionBox,Assistant Manager,Ahmedabad,Software Development Department,5,25-10-2024,Adani Top 1. Nothing,,
132,AmbitionBox,Senior Manager Information Technology,Bhubaneswar,IT Infrastructure Services Department,4,25-10-2024,Best learning here working at Adani. Nothing,,
133,AmbitionBox,Senior Manager Information Technology,Bhubaneswar,IT Infrastructure Services Department,4,25-10-2024,Nothing. Work culture unstructured way of working,,
134,AmbitionBox,"Assistant Manager - Administration, Facility & IR",Mumbai,Administration Department,5,24-10-2024,"Self Learning opportunities, culturally flat. Salary and benifits",,
135,AmbitionBox,"Assistant Manager - Administration, Facility & IR",Mumbai,Administration Department,5,24-10-2024,"Safety & Training, 5S & reports. I don't know because I am new joining.",,
136,AmbitionBox,Manager,Hyderabad / Secunderabad,Construction Engineering Department,5,24-10-2024,"Job security, salary and benefits, less work pressure. Work satisfaction, company culture.",,
137,AmbitionBox,Manager,Hyderabad / Secunderabad,Construction Engineering Department,5,24-10-2024,New job apply. Nothing,,
138,AmbitionBox,Manager,Hyderabad / Secunderabad,Construction Engineering Department,5,24-10-2024,Like but career growth is poor specially Land acquisition. Working hours is very critical Situation due to mine distance from city,,
139,AmbitionBox,Assistant Manager,Ahmedabad,Construction / Manufacturing Department,4,24-10-2024,"Matches the industry salary, great team members to guide you through complex transactions, flexible timings, good office environment. Exposure to various business lines and verticals. Sometimes the promotions are stagnated.",,
140,AmbitionBox,Assistant Manager,Ahmedabad,Construction / Manufacturing Department,4,24-10-2024,excelent. Nothing,,
141,AmbitionBox,Teritory Sales Officer,Kolkata,Enterprise & B2B Sales Department,5,24-10-2024,Best company in india. No everything is best,,
142,AmbitionBox,Senior Manager,Mundra,Construction / Manufacturing Department,3,22-10-2024,"Team Work , Great work culture. Not Applicable",,
143,AmbitionBox,Senior Manager,Mundra,Construction / Manufacturing Department,3,22-10-2024,Happy service. This goddess app,,
144,AmbitionBox,Senior Manager,Mundra,Construction / Manufacturing Department,3,22-10-2024,Good learning Equal opportunities Fast pace working Perform or perish. Nil work life balance,,
145,AmbitionBox,Senior Manager,Mundra,Construction / Manufacturing Department,3,22-10-2024,On time salary. No personal life,,
146,AmbitionBox,Senior Site Engineer,Mumbai,Construction Engineering Department,5,19-10-2024,"Adani group one of biggest company in india. Everything. No growth, knowledge, promotion. Just working like a slave.",,
147,AmbitionBox,Senior Site Engineer,Mumbai,Construction Engineering Department,5,19-10-2024,Good place for working. Time,,
148,AmbitionBox,Security Officer,Hyderabad / Secunderabad,Security Officer Department,5,18-10-2024,I'm interested this group with sells and transport department any requirement for logistics. As a work farfact planning.,,
149,AmbitionBox,Security Officer,Hyderabad / Secunderabad,Security Officer Department,5,18-10-2024,Nothing. Management forcefully transferring people from one location to another with out any benefits for one single mistake they are giving NI which means no increment for a year,,
150,AmbitionBox,Security Officer,Hyderabad / Secunderabad,Security Officer Department,5,18-10-2024,Good at beginning. Time waste,,
151,AmbitionBox,Security Officer,Hyderabad / Secunderabad,Security Officer Department,5,18-10-2024,Not a company for your growth. Toxic work culture,,
152,AmbitionBox,Security Officer,Hyderabad / Secunderabad,Security Officer Department,5,18-10-2024,Not joining still now. I am applied for adani group,,
153,AmbitionBox,Head of the Department Civil,Nellore,Construction / Manufacturing Department,5,17-10-2024,Adani group has evolved as a benchmark in best work culture and employee satisfaction practices. Nothing such,,
154,AmbitionBox,Head of the Department Civil,Nellore,Construction / Manufacturing Department,5,17-10-2024,Focus on automation. Long timing and Saturday working and even Sunday working,,
155,AmbitionBox,Engineer,Bhadrak,"Operations, Maintenance & Support Department",4,17-10-2024,Im working since 14yers of the same compny but my salary is not growth same salary so i was found a new job other wise staffs are good .n over all good .but in my future growth nothing .thank you. Good Manegment. Poor Hr team,,
156,AmbitionBox,Engineer,Bhadrak,"Operations, Maintenance & Support Department",4,17-10-2024,What is the best part of working at the company? exploring in different work cultures What is the most stressful partabout working at the company? employees are not properly recognized which are working in the ground level,,
157,AmbitionBox,Employee Relations Officer,Ahmedabad,Employee Relations Department,5,17-10-2024,Maintenance technician is work very different .u must have to knowledge and experience to how to complete ur work safe..like cricket match all day are new day for you ..u learning every day by day in mechanical work. Some time. 36 hours,,
158,AmbitionBox,Employee Relations Officer,Ahmedabad,Employee Relations Department,5,17-10-2024,"Except job security, all other arrangements are very good like respected seenier help all about any kind of problem good. The work experience so far has been very good",,
159,AmbitionBox,Employee Relations Officer,Ahmedabad,Employee Relations Department,5,17-10-2024,"News writer Please trust my work and experience Better management within my knowledge
Online work from my address
Yes I am work hard
Yes i always enjoy my job",,
160,AmbitionBox,Sales Officer,Remote,Sales Support & Operations Department,5,17-10-2024,"All well not cons, it's a remote location however all is catered for employees. Management is supportive and encouraging. It is heartening to learn more about yourself particularly for growth",,
161,AmbitionBox,Associate Manager,Ahmedabad,Mining Department,3,16-10-2024,"What is the best part of working at the company? Using SAP Software & Company time Table is best

What is the most stressful part about working at the company?
No there is no answer of this question


What is the work environment and culture like at the company?
I am in Recovery Department for 1 year

What is a typical day like for you at the company?
Sat is the best Day of Week for work",,
162,AmbitionBox,Associate Manager,Ahmedabad,Mining Department,3,16-10-2024,Good company to grow your career . Lots of learnings and challenges which build your skills. Cooperative teamwork. Good management. Health Benefits,,
163,AmbitionBox,Finance Executive,Mangaluru,Finance Department,2,16-10-2024,"Good opportunity for fresh minds, working hours - Monday to Saturday. Work place culture depends on the location but overall decent . Great opportunity across the group.",,
164,AmbitionBox,Finance Executive,Mangaluru,Finance Department,2,16-10-2024,Very Political and bad management Only go in this company If you need just Adani wilmar experience Otherwise please look others coz there is no growing opportunities,,
165,AmbitionBox,Fireman,Gurgaon / Gurugram,Compensation & Benefits Department,3,16-10-2024,Good working culture. Great work atmosphere. And Great envireonment. Good pay Good growth Also great management one of the best company to start with and great work life balance,,
166,AmbitionBox,Deputy Manager,Ahmedabad,Construction / Manufacturing Department,3,16-10-2024,"The team is very good, good learning opportunity. The project is giving me a lot of opportunity to learn and lead. Understanding senior management. They always guide you to help your project reach perfection.",,
167,AmbitionBox,Deputy Manager,Ahmedabad,Construction / Manufacturing Department,3,16-10-2024,"Company is growing, higher management team is highly qualified and great visionery leaders.

What is the most stressful part about working at the company?
Money is the only thing they consider.They don't have value over goodness of people or their emotions.I have complaint against reporting manager who threatened me and no enquiry took place and no action taken,I was forced to resign.

What is the work environment and culture like at the company?
Poor.HR team worst in Adani Trivandrum airport .No action taken after my reporting manager threatened me.In Trivandrum airport if you are non veg eater and drinker you can survive.The mental trauma I have gone through is un imaginable.

What is a typical day like for you at the company?
If your manager is good then it is comfortable other wise not good",,
168,AmbitionBox,Deputy Manager,Ahmedabad,Construction / Manufacturing Department,3,16-10-2024,Kaam karne ka tarika bahut achha h salary bhi achhi h,,
169,AmbitionBox,Deputy Manager,Ahmedabad,Construction / Manufacturing Department,3,16-10-2024,"Good for working. Those who are actually interested to learn and develop their career. There will be a chance to growth with Organisation. But to take care of situational challenges impacts.

What is the most stressful part about working at the company?
Situational challenges to bring down the career/growth.

What is the work environment and culture like at the company?
Organization is having good set-up and environment to give employees proper training, learning, growth etc.

What is a typical day like for you at the company?
Achievement of LONG SERVICE AWARD in recognition of my dedicated service to the ADANI Group",,
170,AmbitionBox,Deputy Manager,Ahmedabad,Construction / Manufacturing Department,3,16-10-2024,Too much workload and no work-life balance in engineering department. Pay is ok. Not satisfied with job work. Every Saturday half day working and less leave.,,
171,AmbitionBox,Coal quality control officer,Singrauli,Quality Assurance and Testing Department,5,15-10-2024,Fast paced environment with opportunities to learn. The approval hierarchy can be cumbersome sometimes but urgency is given due regard. Benefits provided like subsidised lunch. Breakfast and dinner is provided to employees in the cafeteria. Opportunity to collaborate with advocates and take leads in cases. Saturdays are working unfortunately. They‚Äôre half days though.,,
172,AmbitionBox,Protocol Officer,Remote,Flight & Airport Operations Department,5,15-10-2024,"Good place to work, Work life balance but job security is risk. overall nice place to work, growth and increments are good learning and development is there.",,
173,AmbitionBox,Protocol Officer,Remote,Flight & Airport Operations Department,5,15-10-2024,compnay is so nice and friendly ...getting much perk as per our work so definitly i would say adani is amazing ...for salary part its very comfortable even work place also ....everything is happenig from AHEMEDBAD ....,,
174,AmbitionBox,Senior Techno Commercial Engineer,Lucknow,Construction Engineering Department,5,15-10-2024,Good company bad management‚Äôs . Overall culture within company is good long working hours. High salary provided on time . Overall good company to work with,,
175,AmbitionBox,Senior Techno Commercial Engineer,Lucknow,Construction Engineering Department,5,15-10-2024,"fully support all employees . also provide all facilities


What is the most stressful part about working at the company?
ROLE AS A HOD.... WHEN NOT SUPPORT YOUR COLLINGS


What is the work environment and culture like at the company?
friendly environment and policies and documentation culture


What is a typical day like for you at the company?
I am responsible for overseeing my teams as they progress on various advertising campaign",,
176,AmbitionBox,Senior Techno Commercial Engineer,Lucknow,Construction Engineering Department,5,15-10-2024,"One of the best workplace in Ahmedabad.

Good work culture, supportive management. Good colleagues and excellent learning opportunities. Great company and high regard to safety. Overall very good experience",,
177,AmbitionBox,Assistant Manager,Mundra,Stores & Material Management Department,4,14-10-2024,"Indian management no need to discuss, everyone knows about it. Work life balance is horrible. Flexible working hours, job security is very good. Employee benefits are also attractive. 6 days working in a week. Leave policy is good, but during month end you will not be allowed to take your leaves.Job security and flexibility, employee policies and benefits are good.. Work life balance is horrible, toxic Indian management.",,
178,AmbitionBox,Assistant Manager,Mundra,Stores & Material Management Department,4,14-10-2024,It's is a very good opportunity to start one's carrier as a Get all the thing u need at the time of joining is provided by the company and the management system is pretty good,,
179,AmbitionBox,Assistant Manager,Mundra,Stores & Material Management Department,4,14-10-2024,"Very toxic and favouratism filled culture. Work-life balance is not considered important by management. They say it openly too - ""you can have 7 working days and work-life balance"" in a townhall.",,
180,AmbitionBox,Apprenticeship Trainee,Gondia,Operations Department,4,13-10-2024,"Best safety culture, high productivity, very good growth for employees, great place to work

What is the most stressful part about working at the company?
PMS system and real physical performance feedback is crucial

What is the work environment and culture like at the company?
Great place to work : good accomodation, good transportation, good food, all offices are excellent, , great greenery, rewards system is excellent,

What is a typical day like for you at the company?
As per my thinking, I was put my maximum efforts for organisation,",,
181,AmbitionBox,Apprenticeship Trainee,Gondia,Operations Department,4,13-10-2024,"As group its good but in my vetical line manager are with worst attitude.

Over all very less professionalism.
Haven't seen a leader rarher than a task master/ boss.",,
182,AmbitionBox,Senior Engineer,"Ametha ,katni","Operations, Maintenance & Support Department",5,13-10-2024,"High learning and abilities to grow, high pay and support from management, the only problem is work life balance as shifts goes to late evening, very low turnover",,
183,AmbitionBox,Senior Sales Manager,Kolkata,Enterprise & B2B Sales Department,2,13-10-2024,"Adani is best company in India for working environment

What is the most stressful part about working at the company?
Management system are pressed for work hard

What is the work environment and culture like at the company?
Environment are very good we working with freedom

What is a typical day like for you at the company?
Saturday working is typical day",,
184,AmbitionBox,Plant Quality Head,Ahmedabad,Quality Assurance and Testing Department,3,12-10-2024,"Good place to learn new things to show our potential, all staff members are very supportive, manager also give free hands to achieve ang experience new things and new challenges..",,
185,AmbitionBox,Plant Quality Head,Ahmedabad,Quality Assurance and Testing Department,3,12-10-2024,"In Adani culture, the employee should pay attention to the problem related to transfer, due to which there is a lot of problem in making balance in personal life. Because of this the employee leaves Adani job.",,
186,AmbitionBox,Manager,Mumbai,Accounting & Taxation Department,4,11-10-2024,"There is a need for a change in the workplace culture, I have faced so many days of service, if someone's work performance is very good, then transfer is not given to any other location, because of this there will be problems in our management, because of this, many employees of the company They leave and leave, this happened with me and I gave my resignation at 21, I just wanted a transfer to another location, my so many problems could not be solved, I had to leave the job. Otherwise I would have given 60 years of service",,
187,AmbitionBox,Manager,Mumbai,Accounting & Taxation Department,4,11-10-2024,"What is the best part of working at the company? Being a station head at Port Blair during the pandemic Covid 19 it was challanging for me to take crucial decision to handle in customer handling.

What is the most stressful part about working at the company?
Flight disruption in covid situation.

What is the work environment and culture like at the company?
to give maximum empowerment to airport managers to resolve customer satisfaction.

What is a typical day like for you at the company?
Every day itself is a challenging at airport.",,
188,AmbitionBox,Manager,Mumbai,Accounting & Taxation Department,4,11-10-2024,"Good company with good work culture,learning new things Loved the time I spent there. Management is open to new idea and friendly. Workplace culture is good and colleagues are open to offer help when. Fun, games. Healthcare",,
189,AmbitionBox,Manager,Mumbai,Accounting & Taxation Department,4,11-10-2024,Good working environment... Focus work along work life balance... Clean site... Good appraisal... Continues skill training more family benefit. Good working culture.. Getting together for families.. Good township,,
190,AmbitionBox,Head Plant Security,Ahmedabad,Security Officer Department,1,11-10-2024,Average work place to grow. Not too much opportunity as well as salary structure is also not as much good. Limited skills to learn working atmosphere is good,,
191,AmbitionBox,Head Plant Security,Ahmedabad,Security Officer Department,1,11-10-2024,Mera review is group me best rha ya mene work form home se job karna pasand kara or is group ki salary bhi acchi hai Adani group is best. Free lunch. Short break,,
192,AmbitionBox,Head Plant Security,Ahmedabad,Security Officer Department,1,11-10-2024,"great place to work, you can join with no doubt. GET period is on le of the best period. no organisation gives you same learning as it gives you. staff is great.",,
193,AmbitionBox,Head Plant Security,Ahmedabad,Security Officer Department,1,11-10-2024,Ex NSG commando with pistal PSO jobs and all vichel DVR. Food. Any problem,,
194,AmbitionBox,Intern,Thiruvananthapuram,Quality Assurance and Testing Department,5,09-10-2024,"In addition to being good for your workers' physical and mental health, effective employee engagement can deliver trickle-down benefits for the whole company, including: Better communication.",,
195,AmbitionBox,Intern,Thiruvananthapuram,Quality Assurance and Testing Department,5,09-10-2024,Good company environment good working 3is good salary is already involved with limits everything is fine working hours are food environment good no issue,,
196,AmbitionBox,ACC Cement,Kanpur,Retail Store Operations Department,1,08-10-2024,"What is the best part of working at the company? Need for Technology to keep up with Business development. Vast opportunity to learn new Technology as solutions for a very fast growing Organization

What is the most stressful part about working at the company?
No Stress at all when you are working, learning and Implementing Technology

What is the work environment and culture like at the company?
Work environment is of Results and Culture is developing as it is growing and young blood coming

What is a typical day like for you at the company?
Morning Project reviews, work during the day monitoring projects and Evening Daily project briefing",,
197,AmbitionBox,ACC Cement,Kanpur,Retail Store Operations Department,1,08-10-2024,"Accomodation at Adani Township is provided at Samudra Colony, Mundra. I got campus placement.",,
198,AmbitionBox,ACC Cement,Kanpur,Retail Store Operations Department,1,08-10-2024,"Productive, Supporting, but less pay and progress. Supporting, additional perks. Less pay, Slow progress",,
199,AmbitionBox,ACC Cement,Kanpur,Retail Store Operations Department,1,08-10-2024,"Good area to working.


Good benefits and transportation facilities is there. Yearly get to gather programs is there.
Evidyalaya program there.

Over all good.",,
200,AmbitionBox,Officer,Ahmedabad,Accounting & Taxation Department,1,08-10-2024,As a learner i had good exposure but as manager i was not allowed with free hands to perform my duties upto concern's expectation. With free hands as team we would could have optimized operation cost in much more better way. More over one man show partice is big hick up for team palyers.,,
201,AmbitionBox,Officer,Ahmedabad,Accounting & Taxation Department,1,08-10-2024,"Senior management is supportive, company policies are good, work life balance is good, weekly and other offs, salary timing is perfect, work hours are flexible",,
202,AmbitionBox,Officer,Ahmedabad,Accounting & Taxation Department,1,08-10-2024,"Interview process was good, it was quick and very technical. At HR was leadership related. Many interviews and time-consuming processes. Need to work on this. Professional",,
203,AmbitionBox,Officer,Ahmedabad,Accounting & Taxation Department,1,08-10-2024,Company is good but chances of promotion prospect..is very less ..moreover biasness more prevailed in the organisation. Development on HR policy need to be done.,,
204,AmbitionBox,Officer,Ahmedabad,Accounting & Taxation Department,1,08-10-2024,As per learning part never to give up from works. As per management is good it is thinking for employee. Workplace culture has to adoptive in every organization. Hardest part of job is working on Saturday & Sunday even holiday but relax part taken other day leave. Working with our team that the enjoyable part of the job.,,
205,AmbitionBox,Safety Officer,Gujarat,Occupational Health & Safety Department,4,08-10-2024,6 days a week is too tidy.The job is totally based on boss. If boss is not good than life is tough. Do homework before joining. Location is constraint.,,
206,AmbitionBox,Safety Officer,Gujarat,Occupational Health & Safety Department,4,08-10-2024,"Management is good. Growth in the company is not good. It takes decades to get promoted. Management do not invest in the people. As a result, apart from the people from hometown location, many people leave the company.",,
207,AmbitionBox,Accounts Associate,Ahmedabad,Accounting & Taxation Department,3,08-10-2024,"Fast growing. Ample opportunity. Less manpower so might be stressful and overload sometime. Resources ful Multi locations and multi business Need to have more manpower as less strength increases stress in existing one. Growth, learning, no limit.",,
208,AmbitionBox,Accounts Associate,Ahmedabad,Accounting & Taxation Department,3,08-10-2024,"Adani group company is good, whoever has to do that work, can go for solar panel work, there will be many jobs in it. No. Yes",,
209,AmbitionBox,Accounts Associate,Ahmedabad,Accounting & Taxation Department,3,08-10-2024,"Excellant work place to work, system has to be maintained , strictly adhere to company policy & system , Dress code is mandatory to all level , Any challenge work can be done, only result should be 100 %",,
210,AmbitionBox,Accounts Associate,Ahmedabad,Accounting & Taxation Department,3,08-10-2024,"Working in Adani greens ltd is one of a life time experience, senior are very helpfull, higher management is so coorporative and you best of the lodging and fooding facilities.",,
211,AmbitionBox,Accounts Associate,Ahmedabad,Accounting & Taxation Department,3,08-10-2024,"Good place to work in peaceful indeed,fun filled creatively and curated office for peers.all staffs friendly nd got to learn a lot.for newbie great place. Long",,
212,AmbitionBox,Accounts Associate,Ahmedabad,Accounting & Taxation Department,3,08-10-2024,"Established brand in market. Given o[opportunity to work on latest technology. Management, Benefits, compensation are excellent. But Work life balance can be looked, rest a great company to work",,
213,AmbitionBox,Accounts Associate,Ahmedabad,Accounting & Taxation Department,3,08-10-2024,"Overall good experience working with the company , if you're just starting the career. Leaves - Cannot put as and when required Day/night shifts , sometimes 12 hour duty. Salary isn't on par with standards. Good seniors Average management . If you love to be in remote locations then can apply .",,
214,AmbitionBox,Deputy Manager (Drawing office),Mumbai,Engineering Department,5,08-10-2024,Adani company bahut achcha company hai ham bhi soch rahe hain ismein achcha naukari karne ka mauka mile. Sab kuchh milta hai. Nuksan to kuchh bhi nahin hai,,
215,AmbitionBox,Deputy Manager (Drawing office),Mumbai,Engineering Department,5,08-10-2024,It's good to consider it as required skills can be delivered on time. One can develop his skills and enthusiasm and dedication all with lot of opportunities,,
216,AmbitionBox,Diploma Mechanical Engineer,Dahej,"Operations, Maintenance & Support Department",4,08-10-2024,"nothing much at aprl management not good contractor driven management contractor is powerful, they complain false and u lost ur job nothing much at aprl management not good contractor driven management",,
217,AmbitionBox,Assistant Manager,Bhadrak,Procurement & Purchase Department,4,07-10-2024,Loved the time I spent there. Management is open to new idea and friendly. Workplace culture is good and colleagues are open to offer help when needed.,,
218,AmbitionBox,Assistant Manager,Bhadrak,Procurement & Purchase Department,4,07-10-2024,"Everything is good but salary structure is below market rate as compared to good other companies, you can stay here after age of 40 to 45 year for a long time even also you can plan your retirement in this group.",,
219,AmbitionBox,Assistant Manager,Bhadrak,Procurement & Purchase Department,4,07-10-2024,Over all standards good learning aspects so with depth of business detail oriented .Every year appreciation with company standard policy. Good learning curve under pressure work culture,,
220,AmbitionBox,Assistant Manager,Bhadrak,Procurement & Purchase Department,4,07-10-2024,We will get an opportunity to interact with Senior Management up to the CEO level. Open to new Ideas & Implements Work culture is good Will get Training & Self-improvements. ,,
221,AmbitionBox,Assistant Manager,Bhadrak,Procurement & Purchase Department,4,07-10-2024,"Great work culture, doable workload, a little toxic, diversity issue though, pay parity is huge, people are usually supportive but there is man power crunch. Good peers. Lala company",,
222,AmbitionBox,Accounts & Finance Manager,Gurugram,Back Office Department,4,07-10-2024,"If you need a place with less pressure and work life balance, if location is not your preference then adani solar is for you.

Township and SEZ area is developed nicely.",,
223,AmbitionBox,Accounts & Finance Manager,Gurugram,Back Office Department,4,07-10-2024,"Good organization as a base on system manegent, salary on time before end of the month, employee Friendly, working culture are on latest system. I am very happy and proud feel .",,
224,AmbitionBox,Accounts & Finance Manager,Gurugram,Back Office Department,4,07-10-2024,"Adani is a reputed group, ejoyed a lot while working here, but there are some constraints which lets people to move out. Such as lot of extra works which is out of JD or terms of employment as mentioned in offer letter. No extra benefits to take over additional responsibilities. Lack of houses in township, lack for parking sheds in township, medical facilities are chargable.",,
225,AmbitionBox,Senior Engineer,Unnao,Community Health & Safety Department,4,07-10-2024,The company has a big brand associated with it it is very tough to crack the interview as you only get selected if you have reference but overall if you get good position just go to get associated,,
226,AmbitionBox,Senior Engineer,Unnao,Community Health & Safety Department,4,07-10-2024,"Offers good salary Good industry exposure State of Art Head Quarter.. Work culture a bit tough, six days a week working, Long procedures",,
227,AmbitionBox,Senior Engineer,Unnao,Community Health & Safety Department,4,07-10-2024,Good company to work in india. It is having lot of policies which are very flexible and always an employee centric company looking for opportunities in it.,,
228,AmbitionBox,Deputy Manager,Ahmedabad,Procurement & Purchase Department,4,07-10-2024,"The employees working here are facing the most difficult time of their time at Adani. Most of the employees are very insecure about their job, they are not given freedom at work and also at township",,
229,AmbitionBox,Associate Project Manager,Ahmedabad,Other Hospital Staff Department,1,06-10-2024,Stressful and no ethical work culture. Moto is to just earn money. No employee value. No benefits for employees. I didn't found any keen employee for company. Nothing,,
230,AmbitionBox,Associate Project Manager,Ahmedabad,Other Hospital Staff Department,1,06-10-2024,"No job security & having no clear anytime you can fired from job.lack of clarity about management vision,HR policy leads to high attrition rate.Employees have the fear to loose job anytime.",,
231,AmbitionBox,Associate Project Manager,Ahmedabad,Other Hospital Staff Department,1,06-10-2024,Not good for working professional.If you want stable career please choose another company as Adani is not safe in terms of job security and advance skill,,
232,AmbitionBox,Associate Project Manager,Ahmedabad,Other Hospital Staff Department,1,06-10-2024,"Follow safety in plant Compelsary and PPEand good team work in place all employees friendly treat I worked and maintenance acb, inverter, idt, module, observed crossing , module clean, tilting work. No. Long hours",,
233,AmbitionBox,Associate Project Manager,Ahmedabad,Other Hospital Staff Department,1,06-10-2024,Good company Work not hard Management good Staff skill good Traveling 1 hours is difficult in job Work shift time 8 hours Company work normal no hard. No. Yes,,
234,AmbitionBox,Deputy Manager,Ahmedabad,Engineering Department,2,06-10-2024,Compnis of Adani group is Nice place to work and boost your career bt if you are working with as an off roll employee there is less benefits for you. So according to me if You want to work with Adani Group then try to select as an on roll employee. Free transport,,
235,AmbitionBox,Security Guard,Mundra,Security Officer Department,5,05-10-2024,Very poor progress and employs to given third-party contract..no job safe so contract you work only per year renew your contract no pramosan you can join supervis....and retired supervis...this government responsible to work. No. Life no change,,
236,AmbitionBox,Assistant Manager,Indore,Environment Health and Safety,3,04-10-2024,"It's best company in comparison to other Indian and foreign company.best salary offered, good work culture, learning atmosphere.supportive staff.i recommend to join this company. Learn too much, good salary. No cons",,
237,AmbitionBox,Assistant Manager,Indore,Environment Health and Safety,3,04-10-2024,I am pleased to work with adani family. It's a enjoyable time with with owner family members. I am getting all kind of facilities and good manner and respect. Free fooing ang logging. 12 hours duty,,
238,AmbitionBox,Assistant Manager,Nellore,Finance Department,1,04-10-2024,"Lots Of projects, Team Management, PRofessional Work Culture Lunch time is the most enjoyable We travel a lot for unlimited project, although allowance available. Sometimes you can't being sociable in family. High Pay scale. Poor Management, higher authority give their responsibilities to junior as well if you show your extra skills.",,
239,AmbitionBox,Equipment Manager,Mundra,Construction Engineering Department,3,04-10-2024,I am filling proud to be a part of Adani group. Adani group is fastest growing group in India. Always good opportunity is there for learning new things.,,
240,AmbitionBox,Equipment Manager,Mundra,Construction Engineering Department,3,04-10-2024,"Nice company to work with. Very good practice of HR admin and Top management. A group in which you can grow and achieve heights. Led by group of best professional. Flights, Tours, Training. Nothing",,
241,AmbitionBox,Equipment Manager,Mundra,Construction Engineering Department,3,04-10-2024,"The job at Adani is good and tremendous scope is there for managers to grow with competitive advantage. The timing of the office is excellent and salary is the best part. However, be loyal and be global is the advice. Excellent projects. Hierarchy",,
242,AmbitionBox,Equipment Manager,Mundra,Construction Engineering Department,3,04-10-2024,"My Over all review for Adani Group is excellent , They have good growth opportunities and work culture . The company takes good care of their employees and provide Meals at Cafeteria at subsidized rates. The company also take care of Health and we'll beibg of employees by regularly getting health check done along with In house Yoga Instructor . Brand. Long hours",,
243,AmbitionBox,Equipment Manager,Mundra,Construction Engineering Department,3,04-10-2024,good working culture and having good work exposure . worked in different position and location and various varticals. very good org and feel proud working in such org. productive. ok,,
244,AmbitionBox,Equipment Manager,Mundra,Construction Engineering Department,3,04-10-2024,Reporting authority not evaluate each and every kra & kpi under department working only according gesture evaluation done and job transfer frequently to far.,,
245,AmbitionBox,Equipment Manager,Mundra,Construction Engineering Department,3,04-10-2024,Timely reporting stock statement Due date follow up audit in time period stock taking with auditor debtors controlling SAP implimatattion ledger work and petty cash maintened. free lunch. on due date only,,
246,AmbitionBox,Equipment Manager,Mundra,Construction Engineering Department,3,04-10-2024,"Starting Days Was Worst Because There Are No Time To Leave Office Its Depends Upon Your Manager Mood After One Month Its Good Because I Know Alsmost Every Rules How To Work. Good Office Environment, Office Design, Office Place. My Manager Is Not Behaving Good With Us",,
247,AmbitionBox,Equipment Manager,Mundra,Construction Engineering Department,3,04-10-2024,"Its a good place to work, however, a little stressful due to longer working hours. Standards are good, Have a very beautiful well maintained office head quarter in Ahmedabad, Gujarat, India. Many good policies, Job security, Great office buidling. Long Hours",,
248,AmbitionBox,Equipment Manager,Mundra,Construction Engineering Department,3,04-10-2024,"I have more than 15 years experience in construction of thermal power plant and solar plant, specialist in construction of thermal Supercritical and Subcritical boiler and it's auxiliaries and solar plant, solar manufacturing units.",,
249,AmbitionBox,Equipment Manager,Mundra,Construction Engineering Department,3,04-10-2024,It's a very nice place to work they have a very e immunity full township they have good facilities for transportation from home to work place they have a very good work culture they have a very good work life balance they appreciate good working people they have lot of trainings to improve yourself the top management or you can say owners are very open you can go and directly meet them they you can say anything whatever you want it so I like to work in this company,,
250,AmbitionBox,Assistant Manager,Ahmedabad,Other Program / Project Management Department,4,04-10-2024,"Considering, the current scenario in power business, ADANI is doing best and the policies are crystal clear. The work places are very well hygeinic and work culture is good. Best in Power Sector. Salaries are comparatively less, but looking at other aspects, its Good.",,
251,AmbitionBox,Assistant Manager,Ahmedabad,Other Program / Project Management Department,4,04-10-2024,"Fully empowered workplace, supported by leadership, challenging opportunities, work life balance, employee friendly environment and best in class office and tools available, great teamwork",,
252,AmbitionBox,Assistant Manager,Ahmedabad,Other Program / Project Management Department,4,04-10-2024,A nice place to work with like minded people. Had a great exposure in meeting compliance requirement of GST and HST returns. Was associated with litigation team for appeals and assessments.,,
253,AmbitionBox,Assistant Manager,Ahmedabad,Other Program / Project Management Department,4,04-10-2024,Doesnt care anything about its employee. Worst work life balance. Discrimination between a bcom graduate and an engineer after they are recruited at an MBA level in terms of salary.,,
254,AmbitionBox,Mining Engineer,Chandrapur,Mining Department,5,04-10-2024,Company is excellent and working staff is supportive and good facilities and all things like hospitality and job security is excellent and lots of other benefits here,,
255,AmbitionBox,Mining Engineer,Chandrapur,Mining Department,5,04-10-2024,"It was great experience working with Adani, there were lot of learnings which help me to develop professionally and personally. Overall it was great that i started with FMCG company",,
256,AmbitionBox,Mining Engineer,Chandrapur,Mining Department,5,04-10-2024,"Good company to work if you able to handel pressure. Brand loyality is good, managment is supportive, must capable to handel big business, business size is big.",,
257,AmbitionBox,Hindi Teacher,Surguja,Life Skills / ECA Teacher Department,5,04-10-2024,Good company in India for work. Management and working life is very perfectly. Easily understand the problems of employees. Work culture is very enjoyable.,,
258,AmbitionBox,Primary Teacher,Serampore Hooghly West Bengal,Preschool & Primary Education Department,5,04-10-2024,Hard work...... In the company And management are very good Company is very reputed.but more than 50% work are contractor or contract basis In this company high level sefty are ferferred,,
259,AmbitionBox,Primary Teacher,Serampore Hooghly West Bengal,Preschool & Primary Education Department,5,04-10-2024,That's good company good work experience is learn at adani power plant Nice engineer to do a work at helping a work. Greet management at adani power limited,,
260,AmbitionBox,Assistant Manager,Gurugram,IT Security Department,1,03-10-2024,‡§Ö‡§¶‡§æ‡§®‡•Ä ‡§ï‡§Ç‡§™‡§®‡•Ä ‡§¨‡§π‡•Å‡§§ ‡§¨‡§¢‡§º‡§ø‡§Ø‡§æ ‡§ï‡§Ç‡§™‡§®‡•Ä ‡§π‡•à ‡§ú‡•ã ‡§ï‡§ø ‡§ú‡§π‡§æ‡§Ç ‡§™‡§∞ ‡§∏‡§¨‡§∏‡•á ‡§¨‡§°‡§º‡§æ ‡§™‡§æ‡§µ‡§∞ ‡§™‡•ç‡§≤‡§æ‡§Ç‡§ü ‡§™‡§æ‡§Ø‡§æ ‡§ó‡§Ø‡§æ ‡§µ‡§π‡§æ‡§Ç ‡§ï‡§æ ‡§µ‡§∞‡•ç‡§ï ‡§´‡•à‡§∏‡§ø‡§≤‡§ø‡§ü‡•Ä ‡§∏‡§¨ ‡§¨‡§¢‡§º‡§ø‡§Ø‡§æ ‡§π‡•à ‡§ì‡§®‡•ç‡§≤‡•Ä ‡§∏‡•à‡§≤‡§∞‡•Ä ‡§ú‡•à‡§∏‡•á ‡§π‡§Æ‡§®‡•á ‡§µ‡§π‡§æ‡§Ç ‡§∏‡•á ‡§ï‡§æ‡§∞‡•ç‡§Ø ‡§õ‡•ã‡§°‡§º ‡§¶‡§ø‡§Ø‡§æ ‡§π‡•à,,
261,AmbitionBox,Assistant Manager,Gurugram,IT Security Department,1,03-10-2024,Salary is not as per the work load. Too much hierarchy. Have to work even on weekends. Minimum 12 hrs of work on a daily basis. Increment is not as per industry standards,,
262,AmbitionBox,Assistant Manager,Gurugram,IT Security Department,1,03-10-2024,"Balanced work life with better environment ,Job occurs at various locations in india, career growth is not enough with adani.",,
263,AmbitionBox,Assistant Manager,Gurugram,IT Security Department,1,03-10-2024,ts good company. Great people hardworking people. nice work culture . Good business projects Good work ethics Good caring people. Good flexible tuning. Good corporate culture,,
264,AmbitionBox,Assistant Manager,Gurugram,IT Security Department,1,03-10-2024,"If you are looking towards learning, unlearning and growing with the organization, Adani is the best for you. The workplace culture is very good with no formal hierarchy in place. You are welcome to engage directly with senior leadership.",,
265,AmbitionBox,Assistant Manager,Gurugram,IT Security Department,1,03-10-2024,Very big plant and very good job culture. Good spare part management. Good co-worker. Safe and sample work condition. Desalination Water plant is good condition.,,
266,AmbitionBox,Assistant Manager,Gurugram,IT Security Department,1,03-10-2024,Good company for knowledge gain.for work it is good you can get enough time for family. Location is ok and growing with lip and bounce.overall good experience.,,
267,AmbitionBox,Assistant Manager,Gurugram,IT Security Department,1,03-10-2024,"Good company & management. I learned a lot from this organization. My boss was very amazing personality and hardworking. Whatever I learned from this organization, has implemented in my current work place.",,
268,AmbitionBox,Assistant Manager,Gurugram,IT Security Department,1,03-10-2024,"Point :- Technical skills developed and career growth, financial growth Job a best reforms and good things Skills developed target sauces lifestyle.",,
269,AmbitionBox,Assistant Manager,Gurugram,IT Security Department,1,03-10-2024,Good environment and good working people to grow with them. Supportive company where you can grow your self in the logistics and terminal industry....,,
270,AmbitionBox,Officer,Lucknow,Operations Department,4,03-10-2024,Very nice experience here for independent working in the company. Infrastructure is good. Working condition are fine. canteen facility & transportation to the working site from residence is good.,,
271,AmbitionBox,Officer,Lucknow,Operations Department,4,03-10-2024,You can learn & develop your self as the company has got most advanced technology. But due to lot of competition you can hardly grow here. Township is best for your family.,,
272,AmbitionBox,Officer,Lucknow,Operations Department,4,03-10-2024,The company is fever of employees and any activity because good place for the work and the work doing well I hope the company all over staff are very interested because the company will be near of me and the company thought for employees and anyone also good for 8hour shift of company thanks for this,,
273,AmbitionBox,Officer,Lucknow,Operations Department,4,03-10-2024,Handling of break bulk and bulk cargo Vessel planning  Coordination with Client charter owners and port captain. Day to day operational performance and achivement of productivity norms for vessel.,,
274,AmbitionBox,Officer,Lucknow,Operations Department,4,03-10-2024,Yaha salary bohot late dete h or bolte ese hi aayegiagar jar sakte ho kro nhi bhag jao that not respectval pepoul thear company ........................,,
275,AmbitionBox,Officer,Lucknow,Operations Department,4,03-10-2024,Very aggressive and stessed work culture. But management cares for their employees and their families. Learning and growth is the one important factor and is compulsory for every one. Mangement gives opportunity for careeer growth to internal talent. Good working culture. Thanks,,
276,AmbitionBox,Officer,Lucknow,Operations Department,4,03-10-2024,"Good place to work at and has massive footprints in Energy, Resource & Logistics. Decision making is quick at Top most level, however, second line of management is learning the ropes. Employee benevolent fund. Centralized decision making",,
277,AmbitionBox,Officer,Lucknow,Operations Department,4,03-10-2024,this is a place where you can learn good things. It is a place which gives you new opportunity. it is good for future. I always feel proud to work here.,,
278,AmbitionBox,Officer,Lucknow,Operations Department,4,03-10-2024,"stress full work for GT and Mordern Tarde. take meeting for late night till 1AM, unnecessary work load, HR and seniors are not much supporting, timing 9.30Am till manager wants,",,
279,AmbitionBox,Teritory Sales Officer,Chhattisgarh,Sales Support & Operations Department,1,03-10-2024,"Adani group is fast growing organisation and one of the best employer in Gujarat. I worked in Port Planning, Healthcare and many other Architectural projects going under the company. It was a great experience working with Adani Group. The group is also expanding in many country level verticals.",,
280,AmbitionBox,Teritory Sales Officer,Chhattisgarh,Sales Support & Operations Department,1,03-10-2024,Good not working style good. Some extent good and some level warning attached and atmosphere. But overall all health insurance marketplace category for HR.,,
281,AmbitionBox,Teritory Sales Officer,Chhattisgarh,Sales Support & Operations Department,1,03-10-2024,Nice company work culture and policies are too much good. I recommend to all kindly try to join this group . Increment and bonous also very good . This is a employee orientation company,,
282,AmbitionBox,Teritory Sales Officer,Chhattisgarh,Sales Support & Operations Department,1,03-10-2024,A good working condition and individual development environment. Good guidance by seniors and management for better delivery of assigned work. Over all a satisfactory place to work.,,
283,AmbitionBox,Teritory Sales Officer,Chhattisgarh,Sales Support & Operations Department,1,03-10-2024,Every working with something new. Learned much more than in expected in sales field. Management is very very good. very very good culture in working with Adani. Hardest day of the job in target is not achieved in the given specifically.,,
284,AmbitionBox,Teritory Sales Officer,Chhattisgarh,Sales Support & Operations Department,1,03-10-2024,This is one of the best company to work with. I will appreciate if I will be able to get a chance to work again. Work culture of the company is very good and nice.,,
285,AmbitionBox,Associate Manager,Ahmedabad,Strategic & Top Management,2,03-10-2024,Limited area but experience is good.my work place at Ahmedabad and landscape area is limited.knowledge improvement is not possible and some administration problem. so I leave job.,,
286,AmbitionBox,Associate Manager,Ahmedabad,Strategic & Top Management,2,03-10-2024,For amount of work done we don't get enough salary.Management is very toxic and there is lot of favoritism on offer.People who stick here are those who have no higher ambition in life.Top level management don't listen to grievances or pay heed to it.Compromise on Safety and Quality is done on regular basis.,,
287,AmbitionBox,Associate Manager,Ahmedabad,Strategic & Top Management,2,03-10-2024,"This organisation is an edible product like Oil, pulsed,besan, rice and wheat flour . Product is good and market is good but overall is ok for employee. Company is good policy but managment and other things is not fruitful.",,
288,AmbitionBox,Associate Manager,Ahmedabad,Strategic & Top Management,2,03-10-2024,It gives a deep dive into the FMCG industry and acts as a great launchpad to kickstart the career. There are ample profiles available across the company functions which give an opportunity to have hands on experience into multiple domains within the same company.,,
289,AmbitionBox,Associate Manager,Ahmedabad,Strategic & Top Management,2,03-10-2024,"We have meet the work deadline , lot of regular training provided by the company which generally has develop good work skills. The management was very aggressive in development in business and we have many business verticals so we have different business exposure.",,
290,AmbitionBox,Quality Control and Production Incharge,Siliguri,Quality Assurance,4,03-10-2024,"As I am the part of sourcing and procurement team, so do take care for Procurement and servicea. The team and the management are supportive . Also having Good environment for working.",,
291,AmbitionBox,Quality Control and Production Incharge,Siliguri,Quality Assurance,4,03-10-2024,"When the company is dealing in the large scale of business though the management is thinking for the each of its employee so i think the company doesn't require any review from its any of the family member, in short it is fantastic place to work.",,
292,AmbitionBox,Quality Control and Production Incharge,Siliguri,Quality Assurance,4,03-10-2024,"Great workplace, Management, ceo sir, culture and job security, salary very good. I am very happy to work with adani Wilmar ltd and I am feeling proud with our company.",,
293,AmbitionBox,Deputy General Manager,Chandrapur,Construction Engineering Department,5,02-10-2024,"Hectic life. no role clarity. no career growth. very less increment level politics, toxic work culture irregular work flow. flexible working hours. Boss driven.",,
294,AmbitionBox,Deputy General Manager,Chandrapur,Construction Engineering Department,5,02-10-2024,There was no clarity of role for the professionals at the Leadership Positions and thus there used to be very high level of attrition in almost all the functions,,
295,AmbitionBox,Deputy General Manager,Chandrapur,Construction Engineering Department,5,02-10-2024,"honestly, it was very useful to work with them and i have learned many things over there in customs clearance logistics part and even new skills SAP above and over all i got a great opportunity there with adani group",,
296,AmbitionBox,Deputy General Manager,Chandrapur,Construction Engineering Department,5,02-10-2024,"Its belongs to Adani group. Very big company in Indian market. They have Shipping, port , mining,power. This is billionaire market share company. Very strong supply chain.",,
297,AmbitionBox,Deputy General Manager,Chandrapur,Construction Engineering Department,5,02-10-2024,"I am happy to serve here.. It's a international company of oil manufacturing..........................................Very nice place to work.......Free lunch, Breakfast, Tea",,
298,AmbitionBox,Deputy General Manager,Chandrapur,Construction Engineering Department,5,02-10-2024,APSEZL core value is Trust Commitment and employee and social welfare. A infrastructure company and dedicated to nation building and provide a gateway for international business.,,
299,AmbitionBox,Deputy General Manager,Chandrapur,Construction Engineering Department,5,02-10-2024,"Good job, mean working condition is good, transfort service is good, salary come in his time to time, worker staff is good. Mean. Almost are good. In working condition no problem with this company. Increment, insentiv are come his time. Company take care of all employees, listening to all Employee Management is good. In this company products is power electricity so, boiler and turbine side work load always available. Risk not. Daily but depending your working style.",,
300,AmbitionBox,Techno Commercial Manager,Jharsuguda,Procurement & Purchase Department,3,01-10-2024,World class technologies and largest supercritical thermal power plant at any single located in India. Management should be more coordinated. Very disciplined and structured.,,
301,AmbitionBox,Techno Commercial Manager,Jharsuguda,Procurement & Purchase Department,3,01-10-2024,But abhi apni career better krna chahata hu because there's no T.A. D.A for offrole employee. So the company does not give expenses like petrol etc. to offrole people,,
302,AmbitionBox,Techno Commercial Manager,Jharsuguda,Procurement & Purchase Department,3,01-10-2024,"New Technology i.e. Chinese TechnologyNew Type of Design (Opposite Fire Boiler), Internation Design i.e. B&W Make Boiler, Good Management, Took active part in IBR formalities,",,
303,AmbitionBox,Techno Commercial Manager,Jharsuguda,Procurement & Purchase Department,3,01-10-2024,Nothing to much problem. Problem with night duty.Its to large and lack of training at Adani Power for contractor man power. Also take about his safety and security.,,
304,AmbitionBox,Techno Commercial Manager,Jharsuguda,Procurement & Purchase Department,3,01-10-2024,"There's no job security in adani. I am very sorry to say so, i worked in adani since 2008-2017. All of a sudden I was told to look for another job, it was just a shock. My children education was hampered. They had no choice but look out for part time job and complete their education. u must understand that if a man is jobless, it affects the full family, his wife, children, parents. His family life is ruined. Also it creates a bad impact for his new job. I'm very much sad as this has created a bad reputation for me after putting in ten years of service. I would request such organisations not to be harsh with other staff. Today I'm without a job , and I hope and pray such things don't happen with other staff of the organisation. Dear management please look at your staff who have contributed to bring your organisation to this level and then make a decision. Because your one wrong decision can ruin his family life and himself. Thanks.",,
305,AmbitionBox,Deputy Manager,Jhansi,Solar operation and maintenance Department,5,01-10-2024,It is wonderful company work in adani wilmar every one looking to have a step in it because the brand value and package they are offering to their employees.,,
306,AmbitionBox,Deputy Manager,Jhansi,Solar operation and maintenance Department,5,01-10-2024,Awl is good production unit but I want to do better job by this company and I want to do something better then it I have worked more palaces but according to my review it is the best.,,
307,AmbitionBox,Senior Techno Commercial Manager,Kota,Procurement & Purchase Department,5,01-10-2024,"Get experience in various civil engineering projects i.e. Port & Harbours, Power Plants, SEZ Infrastructure Developments, Buildings, Roads & Bridges, Railway Infrastructure development etc.",,
308,AmbitionBox,Associate Safety Manager,Noida,Community Health & Safety Department,2,01-10-2024,"we have to experience to be work in such well planned company. during our intern; we have able to meet all the seniors and it was a great knowledgable experience learn from teh,",,
309,AmbitionBox,Associate Safety Manager,Noida,Community Health & Safety Department,2,01-10-2024,"I worked for marine & non marine projects. They really take care for employee for the education, growth etc. Marine and non marine works are very enjoyable as far as port is concerned. In a place like Mundra we got all facilities there",,
310,AmbitionBox,Associate Safety Manager,Noida,Community Health & Safety Department,2,01-10-2024,learn some thing new in plant management is so good everyone try to help each other share experience to all . the most enjoyable part of job is our team doing give best,,
311,AmbitionBox,Associate Safety Manager,Noida,Community Health & Safety Department,2,01-10-2024,"Good platform provide by Adani Wilmar group, great place for research working and working as good and healthy. Good exposure for Young and dynamic people so they can implement New ideas and creativity for business growth.",,
312,AmbitionBox,Associate Safety Manager,Noida,Community Health & Safety Department,2,01-10-2024,Its a very good place to learn new things Itz a very good place to taught new skills and to improve ones skills All over company is very good This workplace is like home I never felt that m far from home while working,,
313,AmbitionBox,Associate Safety Manager,Noida,Community Health & Safety Department,2,01-10-2024,,,
314,AmbitionBox,Associate Safety Manager,Noida,Community Health & Safety Department,2,01-10-2024,Good company for learning while working,,
315,AmbitionBox,Associate Safety Manager,Noida,Community Health & Safety Department,2,01-10-2024,Supply chain,,
316,AmbitionBox,Associate Safety Manager,Noida,Community Health & Safety Department,2,01-10-2024,Work Culture,,
317,AmbitionBox,Associate Safety Manager,Noida,Community Health & Safety Department,2,01-10-2024,Overall Experience,,
318,AmbitionBox,Associate Safety Manager,Noida,Community Health & Safety Department,2,01-10-2024,Nice,,
319,AmbitionBox,Associate Safety Manager,Noida,Community Health & Safety Department,2,01-10-2024,Nice culture,,
320,AmbitionBox,Associate Safety Manager,Noida,Community Health & Safety Department,2,01-10-2024,Growth with goodness,,
321,AmbitionBox,Associate Safety Manager,Noida,Community Health & Safety Department,2,01-10-2024,Project manager,,
322,AmbitionBox,Associate Safety Manager,Noida,Community Health & Safety Department,2,01-10-2024,Assistant manager,,
323,AmbitionBox,Associate Safety Manager,Noida,Community Health & Safety Department,2,01-10-2024,Company review,,
324,AmbitionBox,Associate Safety Manager,Noida,Community Health & Safety Department,2,01-10-2024,Good,,
325,AmbitionBox,Associate Safety Manager,Noida,Community Health & Safety Department,2,01-10-2024,Project Management,,
326,AmbitionBox,Associate Safety Manager,Noida,Community Health & Safety Department,2,01-10-2024,The overall experience with Adani was fantastic,,
327,AmbitionBox,Manager Mechanical,Lucknow,Construction Engineering Department,5,01-10-2024,Great,,
328,AmbitionBox,Manager Mechanical,Lucknow,Construction Engineering Department,5,01-10-2024,Good workplace,,
329,AmbitionBox,"Administration Manager, CSR activity",Chennai,Administration Department,3,01-10-2024,Overall Good,,
330,AmbitionBox,"Administration Manager, CSR activity",Chennai,Administration Department,3,01-10-2024,"Except for specific persons, company is good",,
331,AmbitionBox,Assistant Manager,Kolkata,Accounting & Taxation Department,4,01-10-2024,Quality Control and assurance Engineer,,
332,AmbitionBox,Assistant Manager,Kolkata,Accounting & Taxation Department,4,01-10-2024,Overall ok experience,,
333,AmbitionBox,Deputy Business Excellence Manager,Ahmedabad,Quality Assurance,5,01-10-2024,Fine,,
334,AmbitionBox,Assembly Fitter,Kanpur Dehat,Construction / Manufacturing Department,5,30-09-2024,Dedicated work but too many overtimes,,
335,AmbitionBox,Assembly Fitter,Kanpur Dehat,Construction / Manufacturing Department,5,30-09-2024,Good for freshers,,
336,AmbitionBox,Supervisor,Mumbai,Electrical engineering Department,5,30-09-2024,Good company to work with,,
337,AmbitionBox,Supervisor,Mumbai,Electrical engineering Department,5,30-09-2024,Nice place to explore sports domain. Great leaders,,
338,AmbitionBox,Supervisor,Mumbai,Electrical engineering Department,5,30-09-2024,Good work culture,,
339,AmbitionBox,LT Supervisor,Hazira,LT supervisor Department,5,30-09-2024,Adani Group is a secure job for new employees,,
340,AmbitionBox,LT Supervisor,Hazira,LT supervisor Department,5,30-09-2024,Adani Electricity,,
341,AmbitionBox,LT Supervisor,Hazira,LT supervisor Department,5,30-09-2024,Hi,,
342,AmbitionBox,LT Supervisor,Hazira,LT supervisor Department,5,30-09-2024,Design at Adani Airports,,
343,AmbitionBox,Deputy Manager,Ahmedabad,Construction Engineering Department,5,28-09-2024,Salary details,,
344,AmbitionBox,Deputy Manager,Ahmedabad,Construction Engineering Department,5,28-09-2024,Senior Manager Business Development,,
345,AmbitionBox,Deputy Manager,Ahmedabad,Construction Engineering Department,5,28-09-2024,Not such good experience,,
346,AmbitionBox,Deputy Manager,Ahmedabad,Construction Engineering Department,5,28-09-2024,Nice salary,,
347,AmbitionBox,Deputy Manager,Ahmedabad,Construction Engineering Department,5,28-09-2024,About Ahmedabad Airport ,,
348,AmbitionBox,Assistant Manager,Tirora,Hardware and Networks,4,28-09-2024,Good company,,
349,AmbitionBox,Deputy Manager¬†,Karad,Production & Manufacturing ,3,27-09-2024,Company is good but should have some rules,,
350,AmbitionBox,Deputy Manager¬†,Karad,Production & Manufacturing ,3,27-09-2024,Adani,,
351,AmbitionBox,Deputy Manager¬†,Karad,Production & Manufacturing ,3,27-09-2024,Over all good,,
352,AmbitionBox,Regional Business Manager¬†,Hyderabad¬†,Retail & B2C Sales Department,4,27-09-2024,"Hybrid cloud infra(AWS,Azure,GCP) plus on-premises",,
353,AmbitionBox,Regional Business Manager¬†,Hyderabad¬†,Retail & B2C Sales Department,4,27-09-2024,Great Learning,,
354,AmbitionBox,Regional Business Manager¬†,Hyderabad¬†,Retail & B2C Sales Department,4,27-09-2024,Great company,,
355,AmbitionBox,Deputy Manager¬†,Ahmedabad,Hardware and Networks¬†,4,27-09-2024,Life at Adani Realty,,
356,AmbitionBox,Engineer¬†,Mundra,Engineering ,1,27-09-2024,Adani Group,,
357,AmbitionBox,Engineer¬†,Mundra,Engineering ,1,27-09-2024,Decent company to work,,
358,AmbitionBox,Engineer¬†,Mundra,Engineering ,1,27-09-2024,Ok,,
359,AmbitionBox,Engineer¬†,Mundra,Engineering ,1,27-09-2024,Alright place,,
360,AmbitionBox,Engineer¬†,Mundra,Engineering ,1,27-09-2024,Salary,,
361,AmbitionBox,Engineer¬†,Mundra,Engineering ,1,27-09-2024,Great place to work,,
362,AmbitionBox,Assistant Manager,¬†Chennai,Employee Relations,4,27-09-2024,Good work,,
363,AmbitionBox,Assistant Manager,¬†Chennai,Employee Relations,4,27-09-2024,Mixed Bag,,
364,AmbitionBox,Supervisor¬†,Anantapur,Production & Manufacturing,4,27-09-2024,Review headlines,,
365,AmbitionBox,Supervisor¬†,Anantapur,Production & Manufacturing,4,27-09-2024,Renewable,,
366,AmbitionBox,Deputy Manager,dewas M.P.,Construction Engineering Department,4,27-09-2024,"They hire without firm commitment to begin projects, Then hold and delay projects to ruin others career",,
367,AmbitionBox,Deputy Manager,dewas M.P.,Construction Engineering Department,4,27-09-2024,Nothing,,
368,AmbitionBox,Deputy Manager¬†,Ahmedabad,Project Management Department,5,27-09-2024,Proper corporate,,
369,AmbitionBox,Deputy Manager¬†,Ahmedabad,Project Management Department,5,27-09-2024,Lack of digital proficiency,,
370,AmbitionBox,Deputy Manager¬†,Ahmedabad,Accounting & Taxation Department,3,27-09-2024,Salary Benefit,,
371,AmbitionBox,Deputy Manager¬†,Ahmedabad,Accounting & Taxation Department,3,27-09-2024,culture,,
372,AmbitionBox,Control Room Operator¬†,Raigarh,Security Services,5,27-09-2024,Work life balance is missing,,
373,AmbitionBox,Deputy Manager¬†i,¬†Kolkata,Data Science & Machine Learning Department,5,27-09-2024,Inaccessability¬†,,
374,AmbitionBox,Deputy Manager¬†i,¬†Kolkata,Data Science & Machine Learning Department,5,27-09-2024,Fine place to work,,
375,AmbitionBox,Deputy Manager¬†i,¬†Kolkata,Data Science & Machine Learning Department,5,27-09-2024,neutral work,,
376,AmbitionBox,Deputy Manager¬†i,¬†Kolkata,Data Science & Machine Learning Department,5,27-09-2024,Senior Manager,,
377,AmbitionBox,Apprenticeship Trainee¬†i,Tirora,Community Health & Safety Department,4,27-09-2024,Horrible Workplace. Never fall in trap to join it.,,
378,AmbitionBox,Apprenticeship Trainee¬†i,Tirora,Community Health & Safety Department,4,27-09-2024,amazing people,,
379,AmbitionBox,Teacher in Incharge¬†,Tirora,Specialization Teacher Department,5,27-09-2024,worst company culture,,
380,AmbitionBox,Teacher in Incharge¬†,Tirora,Specialization Teacher Department,5,27-09-2024,Good company to work for,,
381,AmbitionBox,Teacher in Incharge¬†,Tirora,Specialization Teacher Department,5,27-09-2024,Career Growth,,
382,AmbitionBox,SR-OFFICER,Mandamarri,HR Operations Department,5,24-09-2024,Adani solar manufacturing unit,,
383,AmbitionBox,Assistant Manager¬†,Bhuj,"Operations, Maintenance & Support Department",5,24-09-2024,Good place to work,,
384,AmbitionBox,Assistant Manager¬†,Bhuj,"Operations, Maintenance & Support Department",5,24-09-2024,salary benefits,,
385,AmbitionBox,Assistant Manager¬†,Mumbai,Treasury & Forex Department,2,24-09-2024,Adani Digital Labs is worst place to buy work,,
386,AmbitionBox,Assistant Manager¬†,Mumbai,Treasury & Forex Department,2,24-09-2024,Worst management i have seen in my entire career,,
387,AmbitionBox,Project Manager¬†,Ahmedabad,Construction / Manufacturing Department,4,24-09-2024,Humiliation shop & Scam House,,
388,AmbitionBox,Project Manager¬†,Ahmedabad,Construction / Manufacturing Department,4,24-09-2024,jov,,
389,AmbitionBox,Project Manager¬†,Ahmedabad,Construction / Manufacturing Department,4,24-09-2024,Good for the one who wants to work in core culture,,
390,AmbitionBox,Deputy Manager,Raigarh,Downstream Department,5,24-09-2024,Internal Auditor Salary,,
391,AmbitionBox,Deputy Manager,Raigarh,Downstream Department,5,24-09-2024,Business Analyst at AEL,,
392,AmbitionBox,Deputy Manager,Raigarh,Downstream Department,5,24-09-2024,Adani Group review,,
393,AmbitionBox,Deputy Manager,Raigarh,Downstream Department,5,24-09-2024,nice place,,
394,AmbitionBox,Deputy Manager,Raigarh,Downstream Department,5,24-09-2024,"Not a good company to work with Adani defence and aerospace in long term
",,
395,AmbitionBox,Deputy Manager¬†,Ahmedabad,Strategic Management Department,4,20-09-2024,Job staticfy,,
396,AmbitionBox,Deputy Manager¬†,Ahmedabad,Strategic Management Department,4,20-09-2024,Payment is good,,
397,AmbitionBox,Deputy Manager¬†,Ahmedabad,Strategic Management Department,4,20-09-2024,MEP Electrical,,
398,AmbitionBox,Deputy Manager¬†,Ahmedabad,Strategic Management Department,4,20-09-2024,Solar power plants Constructions and operations -capacity of 450 Mw,,
399,AmbitionBox,Deputy Manager¬†,Ahmedabad,Strategic Management Department,4,20-09-2024,Working on the live projects,,
400,AmbitionBox,Deputy Manager¬†,Ahmedabad,Strategic Management Department,4,20-09-2024,Transmission,,
401,AmbitionBox,Field Officer,Gurgaon¬†,Banking Operations¬†,5,20-09-2024,Good working enviroment,,
402,AmbitionBox,Associate,Singrauli,Land acquisition,4,20-09-2024,Good work life balance,,
403,AmbitionBox,Associate,Singrauli,Land acquisition,4,20-09-2024,Good to learn. But bad culture wise. People carry to much EGO,,
404,AmbitionBox,Associate,Singrauli,Land acquisition,4,20-09-2024,Service,,
405,AmbitionBox,Associate,Singrauli,Land acquisition,4,20-09-2024,Pathetic,,
406,AmbitionBox,Associate,Singrauli,Land acquisition,4,20-09-2024,Hydro Power & Pump Storage Expert,,
407,AmbitionBox,Associate,Singrauli,Land acquisition,4,20-09-2024,Finance,,
408,AmbitionBox,Assistant Manager¬†,Ahmedabad,Finance,5,19-09-2024,Not the right place for light hearted,,
